{
  "1": {
    "label": "01",
    "x": 57.148140144726,
    "y": 12.803397543775896
  },
  "2": {
    "label": "02",
    "x": 61.000713971519694,
    "y": 12.484420621647754
  },
  "3": {
    "label": "03",
    "x": 64.66483593820652,
    "y": 12.682989426105182
  },
  "4": {
    "label": "04",
    "x": 68.54484762900094,
    "y": 12.600604924541006
  },
  "5": {
    "label": "05",
    "x": 69.22471400953853,
    "y": 29.569698792187015
  },
  "6": {
    "label": "06",
    "x": 65.33516266404187,
    "y": 29.51900063737829
  },
  "7": {
    "label": "07",
    "x": 61.49212849195042,
    "y": 29.635184940271547
  },
  "8": {
    "label": "08",
    "x": 57.705158136724435,
    "y": 29.366906172952127
  },
  "9": {
    "label": "09",
    "x": 41.92986795300815,
    "y": 29.026807082566886
  },
  "10": {
    "label": "10",
    "x": 37.50715823540569,
    "y": 28.824014463332
  },
  "11": {
    "label": "11",
    "x": 53.48162802279509,
    "y": 12.600608018910808
  },
  "12": {
    "label": "12",
    "x": 49.54913774800132,
    "y": 12.39781539967592
  },
  "13": {
    "label": "13",
    "x": 45.584443276234715,
    "y": 12.600608018910808
  },
  "14": {
    "label": "14",
    "x": 41.80462940922491,
    "y": 12.780161920945163
  },
  "15": {
    "label": "15",
    "x": 30.542700123435445,
    "y": 12.577369301710275
  },
  "16": {
    "label": "16",
    "x": 34.36426483087834,
    "y": 12.780161920945163
  },
  "17": {
    "label": "17",
    "x": 38.430345215293585,
    "y": 12.780161920945163
  },
  "18": {
    "label": "18",
    "x": 31.520755842566768,
    "y": 35.29014265601766
  },
  "19": {
    "label": "19",
    "x": 27.67056518225912,
    "y": 35.08735003678277
  },
  "20": {
    "label": "20",
    "x": 23.591366899033552,
    "y": 35.08735003678277
  },
  "21": {
    "label": "21",
    "x": 16.1080703801479,
    "y": 37.318068848366536
  },
  "22": {
    "label": "22",
    "x": 16.13764330972484,
    "y": 31.504261658920118
  },
  "23": {
    "label": "23",
    "x": 16.32395311549747,
    "y": 25.758889551977955
  },
  "24": {
    "label": "24",
    "x": 16.267889298632007,
    "y": 20.486281451870884
  },
  "25": {
    "label": "25",
    "x": 16.343032424901953,
    "y": 15.213673351763813
  },
  "26": {
    "label": "26",
    "x": 16.385971354199064,
    "y": 9.535480013186966
  },
  "27": {
    "label": "01",
    "x": 19.05057512586404,
    "y": 95.88288528199517
  },
  "28": {
    "label": "02",
    "x": 19.239026985970906,
    "y": 90.61027718188811
  },
  "29": {
    "label": "03",
    "x": 19.39646972672698,
    "y": 85.13487646254615
  },
  "30": {
    "label": "04",
    "x": 19.111405275701614,
    "y": 79.45668312396931
  },
  "31": {
    "label": "05",
    "x": 19.270986576412913,
    "y": 74.39067062358174
  },
  "32": {
    "label": "06",
    "x": 19.2616915282415,
    "y": 68.55024257074301
  },
  "33": {
    "label": "07",
    "x": 19.61593769494267,
    "y": 63.23327358517832
  },
  "34": {
    "label": "08",
    "x": 19.77219234683473,
    "y": 57.82335901392089
  }
}