{
  "1": {
    "label": "01",
    "x": 65.3260224396456,
    "y": 7.580707079395387
  },
  "2": {
    "label": "02",
    "x": 70.9701018814227,
    "y": 7.268294088298546
  },
  "3": {
    "label": "03",
    "x": 75.85718695620906,
    "y": 7.291963630187473
  },
  "4": {
    "label": "04",
    "x": 81.3008847139288,
    "y": 7.2114929081860994
  },
  "5": {
    "label": "05",
    "x": 81.51557937541884,
    "y": 31.080186053052017
  },
  "6": {
    "label": "06",
    "x": 76.63485407087846,
    "y": 31.030485995525382
  },
  "7": {
    "label": "07",
    "x": 71.32290838862781,
    "y": 30.944916298280223
  },
  "8": {
    "label": "08",
    "x": 66.32693845622379,
    "y": 31.040839957494153
  },
  "9": {
    "label": "09",
    "x": 42.01812842025473,
    "y": 30.54530068976836
  },
  "10": {
    "label": "10",
    "x": 37.06743166549174,
    "y": 30.346492659087765
  },
  "11": {
    "label": "11",
    "x": 51.61895639245317,
    "y": 7.381899048714794
  },
  "12": {
    "label": "12",
    "x": 46.467870964874294,
    "y": 7.351130984431406
  },
  "13": {
    "label": "13",
    "x": 42.31392762427708,
    "y": 7.552305189243487
  },
  "14": {
    "label": "14",
    "x": 37.19338307139583,
    "y": 7.668749558617518
  },
  "15": {
    "label": "15",
    "x": 21.049930975526557,
    "y": 7.495977243957337
  },
  "16": {
    "label": "16",
    "x": 26.415389581703934,
    "y": 7.389000171300607
  },
  "17": {
    "label": "17",
    "x": 30.99395591197603,
    "y": 7.523904599187263
  },
  "18": {
    "label": "18",
    "x": 32.172393383518674,
    "y": 36.54264984668752
  },
  "19": {
    "label": "19",
    "x": 26.9742037235686,
    "y": 36.323438114457716
  },
  "20": {
    "label": "20",
    "x": 21.461512941817958,
    "y": 36.34384441619828
  },
  "21": {
    "label": "21",
    "x": 15.084284777093199,
    "y": 36.15450368223498
  },
  "22": {
    "label": "22",
    "x": 15.000000349437926,
    "y": 30.258923414691935
  },
  "23": {
    "label": "23",
    "x": 15.069971799660529,
    "y": 24.60002036469868
  },
  "24": {
    "label": "24",
    "x": 14.899809507409238,
    "y": 18.89614700525041
  },
  "25": {
    "label": "25",
    "x": 14.858457023293461,
    "y": 12.851463964936109
  },
  "26": {
    "label": "26",
    "x": 14.90139595559147,
    "y": 7.429235532301293
  },
  "27": {
    "label": "01",
    "x": 14.677161638732484,
    "y": 91.27615779500445
  },
  "28": {
    "label": "02",
    "x": 14.748726525895831,
    "y": 85.57228443555618
  },
  "29": {
    "label": "03",
    "x": 14.790072021253096,
    "y": 80.01041272629335
  },
  "30": {
    "label": "04",
    "x": 14.850503816106755,
    "y": 75.26981665634737
  },
  "31": {
    "label": "05",
    "x": 14.780532365884152,
    "y": 69.76948107565131
  },
  "32": {
    "label": "06",
    "x": 14.65648889105385,
    "y": 65.04071067598007
  },
  "33": {
    "label": "07",
    "x": 14.319337202915738,
    "y": 59.803088028854226
  },
  "34": {
    "label": "08",
    "x": 14.589690337195718,
    "y": 54.475529963201055
  }
}